<hibernate-configuration>
    <session-factory>
        <property name="hibernate.dialect">
            org.hibernate.dialect.MySQL57Dialect
        </property>

        <mapping resource="mappings/PGroup.hbm.xml"/>
        <mapping resource="mappings/Picture.hbm.xml"/>
        <mapping resource="mappings/Spot.hbm.xml"/>
        <mapping resource="mappings/Storage.hbm.xml"/>
        <mapping resource="mappings/Token.hbm.xml"/>
        <mapping resource="mappings/User.hbm.xml"/>

    </session-factory>
</hibernate-configuration>
